Date,Open,High,Low,Close,Volume,Dividends,Stock Splits
2023-08-21 00:00:00-04:00,282.8687564178452,289.9042871776798,281.27203136132323,289.3055114746094,20181500,0.0,0.0
2023-08-22 00:00:00-04:00,291.95002308405617,292.29931139123346,286.16192996937525,287.01019287109375,12999900,0.0,0.0
2023-08-23 00:00:00-04:00,287.90837735758254,296.7901201694689,287.0800928263882,293.6365966796875,18287000,0.0,0.0
2023-08-24 00:00:00-04:00,297.8878608577233,298.84588364162585,286.0521969844205,286.1619567871094,18360900,0.0,0.0
2023-08-25 00:00:00-04:00,285.54323318468863,287.79860830960723,275.46393933655094,284.9145202636719,23701400,0.0,0.0
2023-08-28 00:00:00-04:00,287.409389312014,290.8523264701454,285.21388873943823,289.6647644042969,14239300,0.0,0.0
2023-08-29 00:00:00-04:00,287.9881995532897,298.5365311085154,287.5890259188007,297.37890625,20844500,0.0,0.0
2023-08-30 00:00:00-04:00,296.56060487552486,297.6783032111664,292.8282538093701,294.4948425292969,17717000,0.0,0.0
2023-08-31 00:00:00-04:00,295.193391404985,300.48254097957476,295.05369433927655,295.2832336425781,17229900,0.0,0.0
2023-09-01 00:00:00-04:00,298.75607544203484,301.12121039736184,293.8661299896506,295.772216796875,12819800,0.0,0.0
2023-09-05 00:00:00-04:00,296.4108985922246,300.7719627400396,294.9040158155621,299.53448486328125,14956000,0.0,0.0
2023-09-06 00:00:00-04:00,301.0912571834107,302.67799282310125,295.05367645317335,298.5564880371094,15418100,0.0,0.0
2023-09-07 00:00:00-04:00,297.3888862152248,306.4203150407696,291.62074057998836,298.0575256347656,33748700,0.0,0.0
2023-09-08 00:00:00-04:00,298.60637285874617,304.6240055587086,296.1713742763573,297.27911376953125,17548000,0.0,0.0
2023-09-11 00:00:00-04:00,300.79190853751135,308.40626673056096,300.66217025296453,306.9292907714844,19489300,0.0,0.0
2023-09-12 00:00:00-04:00,305.7017878936075,308.0270267582652,299.6143216824322,301.0413818359375,13480400,0.0,0.0
2023-09-13 00:00:00-04:00,301.73994237328435,306.5500654143922,300.7020970060301,304.4344177246094,13210900,0.0,0.0
2023-09-14 00:00:00-04:00,306.11095115377924,312.22838508804153,304.40446641933414,311.08074951171875,19343100,0.0,0.0
2023-09-15 00:00:00-04:00,310.97093611122676,311.3601509182711,298.1373239962612,299.6941223144531,28106400,0.0,0.0
2023-09-18 00:00:00-04:00,297.5785208565908,302.9774305263259,297.1893059894115,301.9295654296875,14234200,0.0,0.0
2023-09-19 00:00:00-04:00,301.85971196816644,305.5421472818013,299.19517396574133,304.44439697265625,15924400,0.0,0.0
2023-09-20 00:00:00-04:00,304.42442262366103,307.4282597705547,298.81595241497274,299.05548095703125,19379500,0.0,0.0
2023-09-21 00:00:00-04:00,295.0935978977116,299.64424392551115,292.6685581361263,295.12353515625,21300500,0.0,0.0
2023-09-22 00:00:00-04:00,298.6861943373648,304.75374275079054,297.6583078418494,298.4666442871094,25369600,0.0,0.0
2023-09-25 00:00:00-04:00,295.03371490458176,300.33282269859654,293.0976910280687,300.2130432128906,18987000,0.0,0.0
2023-09-26 00:00:00-04:00,297.04957149338276,299.6841416243141,295.4029613546765,298.3468933105469,19417200,0.0,0.0
2023-09-27 00:00:00-04:00,299.8338896723783,300.68212224253574,286.2018981112432,297.1294250488281,36429800,0.0,0.0
2023-09-28 00:00:00-04:00,298.32697524738137,305.7018049619745,296.09157849302517,303.336669921875,22167100,0.0,0.0
2023-09-29 00:00:00-04:00,306.7496704602723,310.0029950273142,298.7460973285918,299.5943603515625,25356600,0.0,0.0
2023-10-02 00:00:00-04:00,302.1191760193366,306.55007356307704,301.0114668609001,306.1908264160156,16265600,0.0,0.0
2023-10-03 00:00:00-04:00,303.636075085301,306.1409072123018,299.0255540201875,300.3228759765625,17362300,0.0,0.0
2023-10-04 00:00:00-04:00,298.117410171548,306.2706390295386,297.88787086503925,304.9533386230469,16880500,0.0,0.0
2023-10-05 00:00:00-04:00,304.005302483509,305.5820489895082,298.88581766210666,304.16497802734375,19130000,0.0,0.0
2023-10-06 00:00:00-04:00,300.82184105304185,315.66134235138594,300.2929291393852,314.78314208984375,21784000,0.0,0.0
2023-10-09 00:00:00-04:00,311.8591545549184,319.6730841312484,311.18055634380585,317.7071228027344,22503700,0.0,0.0
2023-10-10 00:00:00-04:00,318.46556941551506,323.99421695506356,317.5075466339491,321.17999267578125,19038000,0.0,0.0
2023-10-11 00:00:00-04:00,322.3476020640163,328.1656328829338,322.287727544473,327.1477355957031,22036300,0.0,0.0
2023-10-12 00:00:00-04:00,327.32736080285633,329.8621604779355,322.0282526116243,323.4952392578125,20530500,0.0,0.0
2023-10-13 00:00:00-04:00,322.86654617496146,324.38341819585526,311.72942797485547,314.044677734375,21341000,0.0,0.0
2023-10-16 00:00:00-04:00,317.9865621466158,321.16003343752936,314.8729349190277,320.49139404296875,16536100,0.0,0.0
2023-10-17 00:00:00-04:00,317.52746911879836,323.73471436045065,316.649268950077,323.3355407714844,16387800,0.0,0.0
2023-10-18 00:00:00-04:00,320.7309259171606,325.2715828487301,314.9128647014633,316.3199768066406,16851000,0.0,0.0
2023-10-19 00:00:00-04:00,319.22402692592283,321.2299147643274,311.11069424490825,312.16851806640625,18709200,0.0,0.0
2023-10-20 00:00:00-04:00,313.4957908806943,314.65338520611687,305.8415067606528,308.01702880859375,22287400,0.0,0.0
2023-10-23 00:00:00-04:00,308.8652974202778,316.7091640223113,306.6299008129797,313.3660583496094,17796800,0.0,0.0
2023-10-24 00:00:00-04:00,316.1303943376672,317.6971821286606,309.9930119171805,311.9090576171875,19525500,0.0,0.0
2023-10-25 00:00:00-04:00,309.3643025332962,310.2425028455452,298.2271839874978,298.915771484375,42192500,0.0,0.0
2023-10-26 00:00:00-04:00,294.3950232906214,294.3950232906214,278.82700918832205,287.7586669921875,66684100,0.0,0.0
2023-10-27 00:00:00-04:00,293.87613496309183,298.6962169137372,292.36922170201143,296.12152099609375,29596300,0.0,0.0
2023-10-30 00:00:00-04:00,298.47665086728256,308.7655056582078,298.4367243680998,302.0393371582031,28435100,0.0,0.0
2023-10-31 00:00:00-04:00,302.6879856491129,303.05722200011667,296.2512007819035,300.65216064453125,19434200,0.0,0.0
2023-11-01 00:00:00-04:00,301.2309872352754,312.09863873232484,301.2309872352754,311.2104797363281,20434600,0.0,0.0
2023-11-02 00:00:00-04:00,316.6492893702,318.16619174308374,307.69768325151733,310.23248291015625,21631800,0.0,0.0
2023-11-03 00:00:00-04:00,311.9090501077141,314.90289809001814,310.3821888549389,313.9548645019531,16754100,0.0,0.0
2023-11-06 00:00:00-05:00,315.33202828595523,317.67718475842656,313.80516708722075,315.1523742675781,12887700,0.0,0.0
2023-11-07 00:00:00-05:00,316.40979824118597,320.3417208651516,314.4737741895888,318.16619873046875,14055600,0.0,0.0
2023-11-08 00:00:00-05:00,317.48761598809165,320.67104634747074,314.23429141108136,319.1242370605469,13609700,0.0,0.0
2023-11-09 00:00:00-05:00,318.7649516119763,323.51516916533245,318.1461975165666,319.8926086425781,16103100,0.0,0.0
2023-11-10 00:00:00-05:00,319.2838856774431,328.4251044676552,318.80485907335105,328.09576416015625,19096200,0.0,0.0
2023-11-13 00:00:00-05:00,325.53106451975066,331.6484679713699,325.0320898840398,328.5149230957031,16908900,0.0,0.0
2023-11-14 00:00:00-05:00,333.8539411344656,337.40663792710046,332.64640064868735,335.62030029296875,17179400,0.0,0.0
2023-11-15 00:00:00-05:00,337.23697563678485,337.70601299260073,329.34319358102937,332.0276794433594,14531200,0.0,0.0
2023-11-16 00:00:00-05:00,328.6945463958003,333.8938535684029,325.710687822204,333.5046691894531,18932600,0.0,0.0
2023-11-17 00:00:00-05:00,329.58273944379016,334.8119839330931,328.6746019430533,334.3529357910156,14494400,0.0,0.0
2023-11-20 00:00:00-05:00,334.2032280070651,341.16889405277084,333.50465137294304,339.2727966308594,16960500,0.0,0.0
2023-11-21 00:00:00-05:00,337.63614751794205,339.20293510864514,335.21113821309183,336.2889404296875,12027900,0.0,0.0
2023-11-22 00:00:00-05:00,338.51438013888924,342.2167940418173,337.8856671948073,340.7897033691406,10702700,0.0,0.0
2023-11-24 00:00:00-05:00,339.43250507648753,341.15893789867715,336.07937954452484,337.5364074707031,5467500,0.0,0.0
2023-11-27 00:00:00-05:00,335.490586823439,339.2029594205829,333.51466670971433,334.0136413574219,15684500,0.0,0.0
2023-11-28 00:00:00-05:00,332.7162672623898,338.68401462286795,332.7162672623898,338.2947998046875,12637200,0.0,0.0
2023-11-29 00:00:00-05:00,338.9933987919285,339.2029596166881,330.10166691004014,331.5187683105469,16024500,0.0,0.0
2023-11-30 00:00:00-05:00,331.20939567731216,332.8160793731298,321.738836457418,326.4790954589844,23146400,0.0,0.0
2023-12-01 00:00:00-05:00,324.8125503415451,326.1896947984947,320.10222840974393,324.1539001464844,15264700,0.0,0.0
2023-12-04 00:00:00-05:00,316.6393567879821,320.2020128104224,313.0167957861336,319.3637390136719,19037100,0.0,0.0
2023-12-05 00:00:00-05:00,318.3258860533385,321.21993299939373,314.7432516379291,317.6372985839844,16952100,0.0,0.0
2023-12-06 00:00:00-05:00,321.2698045152591,321.5891555941713,316.3898483709241,316.79901123046875,11294300,0.0,0.0
2023-12-07 00:00:00-05:00,317.11833745109374,327.5668678190054,317.11833745109374,325.9202575683594,15905100,0.0,0.0
2023-12-08 00:00:00-05:00,322.4274331366407,332.4867790560137,322.3376213549493,332.067626953125,14077500,0.0,0.0
2023-12-11 00:00:00-05:00,328.724491780473,329.21350764456645,319.34377449566205,324.6129455566406,25802500,0.0,0.0
2023-12-12 00:00:00-05:00,323.9343398089598,333.78409425161436,323.894413310678,333.53460693359375,18485500,0.0,0.0
2023-12-13 00:00:00-05:00,333.24519136230106,337.676088543412,331.9578587356906,334.05352783203125,16353300,0.0,0.0
2023-12-14 00:00:00-05:00,333.16535353219643,334.0136164610714,327.9660466180231,332.48675537109375,19607300,0.0,0.0
2023-12-15 00:00:00-05:00,331.30917029088386,337.96550535993714,330.5407603124004,334.2331848144531,30001600,0.0,0.0
2023-12-18 00:00:00-05:00,336.78792716452153,346.84724230321007,336.3288485774128,343.91326904296875,18993900,0.0,0.0
2023-12-19 00:00:00-05:00,344.87131346645555,352.87488652403607,344.4122653055084,349.6415100097656,17729400,0.0,0.0
2023-12-20 00:00:00-05:00,347.93500778861016,354.23206526209253,347.0767860326023,348.563720703125,16369900,0.0,0.0
2023-12-21 00:00:00-05:00,352.2561215665551,355.67908003266274,348.49383357014017,353.36383056640625,15289600,0.0,0.0
2023-12-22 00:00:00-05:00,354.8507946441659,356.4674980739121,350.4997503642189,352.6653137207031,11764200,0.0,0.0
2023-12-26 00:00:00-05:00,354.2620009769664,356.24794073010463,352.72518103151623,354.1023254394531,9898600,0.0,0.0
2023-12-27 00:00:00-05:00,355.3398213142632,358.2638055096414,354.5813700862484,357.09619140625,13207900,0.0,0.0
2023-12-28 00:00:00-05:00,358.96238000261314,361.15785021781494,357.07624118298907,357.585205078125,11798800,0.0,0.0
2023-12-29 00:00:00-05:00,358.2538146934847,359.26175324680366,351.09853516278366,353.234130859375,14980500,0.0,0.0
2024-01-02 00:00:00-05:00,350.599548159297,352.4357711788527,339.31274424531915,345.5798645019531,19042200,0.0,0.0
2024-01-03 00:00:00-05:00,344.27254418678,347.2364546857272,342.47621725878497,343.7635803222656,15451100,0.0,0.0
2024-01-04 00:00:00-05:00,343.7935199027151,347.4360286089438,342.69576962625035,346.40814208984375,12099900,0.0,0.0
2024-01-05 00:00:00-05:00,346.2784209841403,352.77508073132583,345.5499374797681,351.228271484375,13920700,0.0,0.0
2024-01-08 00:00:00-05:00,353.97262881201056,358.24385059684556,351.32803880361155,357.92449951171875,13890200,0.0,0.0
2024-01-09 00:00:00-05:00,355.6691348933328,359.900460759222,354.6312590633981,356.697021484375,13463900,0.0,0.0
2024-01-10 00:00:00-05:00,359.43140084658063,372.17520202063497,358.3436093453036,369.71026611328125,22117200,0.0,0.0
2024-01-11 00:00:00-05:00,371.3668729877802,372.01553393323275,362.18572736677464,368.91192626953125,17205400,0.0,0.0
2024-01-12 00:00:00-05:00,369.40090840722195,376.2867523345747,368.7821847276475,373.7220153808594,19295700,0.0,0.0
2024-01-16 00:00:00-05:00,372.88376019065555,374.83973234547796,366.4769425618507,366.7064514160156,15306900,0.0,0.0
2024-01-17 00:00:00-05:00,365.54880071675547,367.7842277621965,357.87456849277356,367.61456298828125,12724800,0.0,0.0
2024-01-18 00:00:00-05:00,370.72817374980605,376.0771978061011,370.18930305825427,375.3586730957031,16354300,0.0,0.0
2024-01-19 00:00:00-05:00,378.22277926826257,383.57177282104664,377.1948927222241,382.6636657714844,21470100,0.0,0.0
2024-01-22 00:00:00-05:00,387.1544306961552,389.5495028483164,380.37834663914947,380.9970703125,17680500,0.0,0.0
2024-01-23 00:00:00-05:00,383.8312370753378,387.5835360147507,381.2964374436072,384.4100646972656,15506100,0.0,0.0
2024-01-24 00:00:00-05:00,389.2001965560051,395.337578179928,387.01468532356034,389.8987731933594,15698500,0.0,0.0
2024-01-25 00:00:00-05:00,389.3698811426095,394.6789481277553,384.86912017698324,392.3736877441406,15091100,0.0,0.0
2024-01-26 00:00:00-05:00,393.5413174199935,395.9763161785505,390.7869675722823,393.3317565917969,13163700,0.0,0.0
2024-01-29 00:00:00-05:00,394.17996849820344,402.10368805973474,392.2938602332264,400.1976013183594,18742400,0.0,0.0
2024-01-30 00:00:00-05:00,402.76235330769697,405.5266618978656,398.7506080957021,399.2395935058594,18614700,0.0,0.0
2024-01-31 00:00:00-05:00,388.2022889668955,397.18383292756914,386.3061913328637,389.3399658203125,20180800,0.0,0.0
2024-02-01 00:00:00-05:00,393.13215469869164,399.67869975389124,392.24396519195153,393.9704284667969,29727100,0.0,0.0
2024-02-02 00:00:00-05:00,458.6575062233519,484.9634352591941,452.08102396439136,474.01593017578125,84615500,0.0,0.0
2024-02-05 00:00:00-05:00,468.9163947737333,470.9322412790763,458.27825219782653,458.4678649902344,40832400,0.0,0.0
2024-02-06 00:00:00-05:00,463.04847437277124,466.16207131040954,452.07103209238227,453.7875061035156,21655200,0.0,0.0
2024-02-07 00:00:00-05:00,457.06075551461333,470.55301838172716,455.24448057433045,468.6269836425781,23066000,0.0,0.0
2024-02-08 00:00:00-05:00,467.3596158426929,469.6249497528505,464.07635417198367,469.0361633300781,18815100,0.0,0.0
2024-02-09 00:00:00-05:00,471.98012574590837,472.61879745065966,466.5113527093112,467.1500244140625,18413100,0.0,0.0
2024-02-12 00:00:00-05:00,467.229880059543,478.16739573973024,465.623165867634,467.93841552734375,19382000,0.0,0.0
2024-02-13 00:00:00-05:00,455.9330869289211,466.9305075881856,454.15673841216994,459.1764221191406,20916600,0.0,0.0
2024-02-14 00:00:00-05:00,466.9703831698174,473.13770219823414,465.13416021257007,472.3094177246094,16858400,0.0,0.0
2024-02-15 00:00:00-05:00,474.30532791901646,487.61796752878854,471.2516055886262,483.0373840332031,24212300,0.0,0.0
2024-02-16 00:00:00-05:00,477.1295204056999,477.9777833931674,468.2477778160304,472.349365234375,23306500,0.0,0.0
2024-02-20 00:00:00-05:00,468.75672648120405,475.20347015766964,465.6032031727022,470.7825622558594,18015500,0.0,0.0
2024-02-21 00:00:00-05:00,466.0372841891846,468.5348044688694,461.3319645187047,467.5657653808594,12977100,0.5,0.0
2024-02-22 00:00:00-05:00,479.76365462842267,489.5039838965959,475.5878079616881,485.6478271484375,21625800,0.0,0.0
2024-02-23 00:00:00-05:00,487.5658978834182,493.869636644299,481.87156992552843,483.5498962402344,18374300,0.0,0.0
2024-02-26 00:00:00-05:00,482.9904715889214,485.65783676432864,480.123323075863,481.2621765136719,12101400,0.0,0.0
2024-02-27 00:00:00-05:00,479.50393026591195,486.78667753799164,479.443992217465,486.56689453125,10809600,0.0,0.0
2024-02-28 00:00:00-05:00,484.5189253817392,490.56291215291833,482.2711571712054,483.5398864746094,12715500,0.0,0.0
2024-02-29 00:00:00-05:00,487.95553368380894,491.212309945067,482.1312992102992,489.64385986328125,17732000,0.0,0.0
2024-03-01 00:00:00-05:00,491.621862806572,503.74983580777047,491.36214143122834,501.8017578125,16273600,0.0,0.0
2024-03-04 00:00:00-05:00,502.50108847396183,503.9196934303916,495.9276284049608,497.69586181640625,12324100,0.0,0.0
2024-03-05 00:00:00-05:00,494.50902227026205,495.0884335688094,487.4060891297427,489.7337646484375,15325300,0.0,0.0
2024-03-06 00:00:00-05:00,497.1364119380128,502.47111160067936,493.7997285004937,495.5979309082031,11757900,0.0,0.0
2024-03-07 00:00:00-05:00,502.7808102255021,519.3343517619579,500.8827008767997,511.6819763183594,18586400,0.0,0.0
2024-03-08 00:00:00-05:00,513.6799984785457,523.0506997194376,498.854721324041,505.44818115234375,18575200,0.0,0.0
2024-03-11 00:00:00-04:00,496.51702309541247,496.826713165905,475.52785326168413,483.1103210449219,20428300,0.0,0.0
2024-03-12 00:00:00-04:00,492.77075010047605,501.8117613011618,484.2492121415657,499.2543029785156,15448200,0.0,0.0
2024-03-13 00:00:00-04:00,494.8986465489502,500.4830982739187,490.5429552980861,495.0784606933594,12090700,0.0,0.0
2024-03-14 00:00:00-04:00,499.7638249279838,500.8527401487646,487.67582026261385,491.3421630859375,12620000,0.0,0.0
2024-03-15 00:00:00-04:00,488.5249761131619,491.3421558734782,480.82260146886966,483.6198425292969,29141700,0.0,0.0
2024-03-18 00:00:00-04:00,491.4220821217734,496.92662655343065,486.3271346729207,496.487060546875,11755300,0.0,0.0
2024-03-19 00:00:00-04:00,487.68579998065405,496.1374000116134,480.8026195040247,495.7477722167969,10903100,0.0,0.0
2024-03-20 00:00:00-04:00,499.004567162851,507.69595019724767,494.6788753203798,505.0185852050781,11711100,0.0,0.0
2024-03-21 00:00:00-04:00,514.199496876756,514.5291256581454,505.50811394519394,507.2563781738281,9712500,0.0,0.0
2024-03-22 00:00:00-04:00,506.4971268572002,509.4641822517732,503.8397615469674,509.0745544433594,8117000,0.0,0.0
2024-03-25 00:00:00-04:00,505.2883291529085,506.7169034577373,499.7438157550026,502.52105712890625,8380600,0.0,0.0
2024-03-26 00:00:00-04:00,504.6289883304503,509.4941531106155,494.71881413396113,495.3981628417969,11205400,0.0,0.0
2024-03-27 00:00:00-04:00,498.8047544512027,499.39419608540464,487.58591249815765,493.3701477050781,9989700,0.0,0.0
2024-03-28 00:00:00-04:00,492.3511669908998,492.4011356901767,484.668791971983,485.0983581542969,15212800,0.0,0.0
2024-04-01 00:00:00-04:00,486.7167628265939,496.9365962682512,481.3021254622119,490.8626403808594,9247000,0.0,0.0
2024-04-02 00:00:00-04:00,484.61885944717363,497.036523429203,484.1692935849497,496.8766784667969,11081000,0.0,0.0
2024-04-03 00:00:00-04:00,498.43511473288487,506.73686978339606,498.25530058797256,506.23736572265625,12099200,0.0,0.0
2024-04-04 00:00:00-04:00,515.9077526597656,529.4742999076504,510.0735489381281,510.4132385253906,26476300,0.0,0.0
2024-04-05 00:00:00-04:00,516.3473092696523,530.1736081311907,513.8997272423497,526.8169555664062,19242000,0.0,0.0
2024-04-08 00:00:00-04:00,528.7550664307926,530.96283543328,518.3753570490694,518.7349853515625,13260600,0.0,0.0
2024-04-09 00:00:00-04:00,521.711998556606,525.3484028000144,506.23737230947944,516.3873291015625,10881400,0.0,0.0
2024-04-10 00:00:00-04:00,508.7848382930651,522.0416646615256,505.29827933033357,519.3143920898438,11418500,0.0,0.0
2024-04-11 00:00:00-04:00,520.5930978302217,523.3403701129957,516.7768795604691,522.6410522460938,10369500,0.0,0.0
2024-04-12 00:00:00-04:00,517.236445938548,519.6740281517286,508.82478428694736,511.3922424316406,11944900,0.0,0.0
2024-04-15 00:00:00-04:00,516.2074602970727,518.0157235782406,496.7867699734714,499.7338562011719,13512900,0.0,0.0
2024-04-16 00:00:00-04:00,497.6159249399938,504.26932274346325,496.6169168101151,499.2643127441406,9847900,0.0,0.0
2024-04-17 00:00:00-04:00,502.60100606269367,502.6609441126732,486.6568445346499,493.67987060546875,12193700,0.0,0.0
2024-04-18 00:00:00-04:00,499.32425998961423,511.70198558069575,498.5450348534492,501.3022766113281,14808700,0.0,0.0
2024-04-19 00:00:00-04:00,502.301260995854,502.301260995854,475.2581348717085,480.59283447265625,25111000,0.0,0.0
2024-04-22 00:00:00-04:00,489.23426246548854,491.52199961880444,472.93044247285314,481.252197265625,17271100,0.0,0.0
2024-04-23 00:00:00-04:00,490.76274513331987,498.26530596498634,488.48500781051405,495.6079406738281,15079200,0.0,0.0
2024-04-24 00:00:00-04:00,507.5560535644507,509.4941317201748,484.09933236786355,493.010498046875,37772700,0.0,0.0
2024-04-25 00:00:00-04:00,420.98200690939586,445.32782940916064,414.0888571223123,440.94219970703125,82890700,0.0,0.0
2024-04-26 00:00:00-04:00,441.0221093747606,445.9971807117141,431.531532379888,442.8503112792969,32691400,0.0,0.0
2024-04-29 00:00:00-04:00,439.1240062342096,439.3238200528809,428.1349169280736,432.1908874511719,21502600,0.0,0.0
2024-04-30 00:00:00-04:00,430.6224487262678,439.1839558462486,429.29378130777536,429.74334716796875,18429500,0.0,0.0
2024-05-01 00:00:00-04:00,428.1748720345524,449.5136701314341,426.6863292540787,438.7543640136719,20344900,0.0,0.0
2024-05-02 00:00:00-04:00,438.4047333512728,443.51965020671395,431.8512423193252,441.2419128417969,15221300,0.0,0.0
2024-05-03 00:00:00-04:00,445.48767066371107,453.71951806420014,443.4097472490281,451.5116882324219,16489100,0.0,0.0
2024-05-06 00:00:00-04:00,455.1280908376387,465.6976134704472,452.8903224788121,465.21807861328125,15094600,0.0,0.0
2024-05-07 00:00:00-04:00,465.82749570933896,471.06228839991655,460.852424393517,467.7755432128906,13406800,0.0,0.0
2024-05-08 00:00:00-04:00,463.0402758734785,475.10828086801956,462.5407718002601,472.1312561035156,11683900,0.0,0.0
2024-05-09 00:00:00-04:00,469.5338183630929,475.6077743436721,467.1661739867633,474.9484558105469,9437700,0.0,0.0
2024-05-10 00:00:00-04:00,476.6167930475471,477.02639004616856,469.13423178475136,475.7276916503906,10750000,0.0,0.0
2024-05-13 00:00:00-04:00,472.2810956873846,472.8805066656765,462.3909212511497,467.5458068847656,14668800,0.0,0.0
2024-05-14 00:00:00-04:00,462.9103886742812,472.07130656864626,459.62364341602097,471.3819885253906,10478600,0.0,0.0
2024-05-15 00:00:00-04:00,474.5088871111657,482.0214171870226,470.7326376426436,481.0623779296875,13100500,0.0,0.0
2024-05-16 00:00:00-04:00,474.52885350111865,477.21618776308856,472.28108524769226,472.7606201171875,16608200,0.0,0.0
2024-05-17 00:00:00-04:00,470.3629792075229,472.3310264212493,467.95539646980393,471.4419250488281,10807300,0.0,0.0
2024-05-20 00:00:00-04:00,469.48388436360676,472.7306607963086,466.57676703769516,468.3749694824219,11745100,0.0,0.0
2024-05-21 00:00:00-04:00,466.656679458762,470.2331456880293,461.81148386174306,464.1691589355469,11742200,0.0,0.0
2024-05-22 00:00:00-04:00,467.40591659233894,473.25012009634787,465.1881173826697,467.3160095214844,10078600,0.0,0.0
2024-05-23 00:00:00-04:00,472.41095679538824,473.8894692764857,461.0822085617498,465.3179931640625,11747900,0.0,0.0
2024-05-24 00:00:00-04:00,467.15617428705434,479.374054624763,465.8374762457989,477.74566650390625,12012300,0.0,0.0
2024-05-28 00:00:00-04:00,476.1072862257536,480.3830398479666,474.369021817074,479.4440002441406,10175800,0.0,0.0
2024-05-29 00:00:00-04:00,474.1891860529296,479.374040505202,473.2301468181317,473.88946533203125,9226200,0.0,0.0
2024-05-30 00:00:00-04:00,471.2021740877535,471.26211213605956,464.24905561117134,466.58673095703125,10735200,0.0,0.0
2024-05-31 00:00:00-04:00,465.33796622384085,468.65468047155974,454.00921789590996,466.366943359375,16919800,0.0,0.0
2024-06-03 00:00:00-04:00,470.3929590804151,479.12431097234924,467.7755626264992,477.0163879394531,11279400,0.0,0.0
2024-06-04 00:00:00-04:00,476.52687605790095,478.4150160497743,472.7606263986606,476.5168762207031,7088700,0.0,0.0
2024-06-05 00:00:00-04:00,483.9695079441245,496.15738901832015,483.430035009485,494.5689697265625,15690500,0.0,0.0
2024-06-06 00:00:00-04:00,492.49103855052476,502.3212748842156,490.4031152187954,493.270263671875,10667300,0.0,0.0
2024-06-07 00:00:00-04:00,495.41812499432933,498.4151493818342,489.68382808884206,492.4710388183594,9380700,0.0,0.0
2024-06-10 00:00:00-04:00,493.37014951677844,502.1614395147608,492.9206141424005,502.10150146484375,11236900,0.0,0.0
2024-06-11 00:00:00-04:00,499.66389747820887,507.0965202187346,497.7757575257644,506.9666442871094,9673700,0.0,0.0
2024-06-12 00:00:00-04:00,513.480182437513,513.5001821121251,503.9696359513561,508.3352966308594,11983200,0.0,0.0
2024-06-13 00:00:00-04:00,505.20839456425085,508.85476815340303,500.8627030868519,503.6000061035156,9954600,0.0,0.0
2024-06-14 00:00:00-04:00,502.6499938964844,507.1499938964844,500.75,504.1600036621094,10243300,0.5,0.0
2024-06-17 00:00:00-04:00,501.6700134277344,510.75,496.010009765625,506.6300048828125,11266600,0.0,0.0
2024-06-18 00:00:00-04:00,504.55999755859375,506.0,495.0199890136719,499.489990234375,13060400,0.0,0.0
2024-06-20 00:00:00-04:00,502.0,503.6700134277344,496.7699890136719,501.70001220703125,11801200,0.0,0.0
2024-06-21 00:00:00-04:00,503.45001220703125,503.45001220703125,492.3900146484375,494.7799987792969,23130700,0.0,0.0
2024-06-24 00:00:00-04:00,499.20001220703125,507.79998779296875,494.2900085449219,498.9100036621094,13525300,0.0,0.0
2024-06-25 00:00:00-04:00,497.04998779296875,510.7099914550781,495.5,510.6000061035156,12109800,0.0,0.0
2024-06-26 00:00:00-04:00,506.6499938964844,513.8099975585938,504.67999267578125,513.1199951171875,8882300,0.0,0.0
2024-06-27 00:00:00-04:00,514.25,522.8800048828125,513.9000244140625,519.5599975585938,10121200,0.0,0.0
2024-06-28 00:00:00-04:00,517.1500244140625,521.8800048828125,503.8399963378906,504.2200012207031,15855100,0.0,0.0
2024-07-01 00:00:00-04:00,504.95001220703125,506.5799865722656,493.1700134277344,504.67999267578125,10328200,0.0,0.0
2024-07-02 00:00:00-04:00,500.760009765625,510.5,499.45001220703125,509.5,7739500,0.0,0.0
2024-07-03 00:00:00-04:00,506.3699951171875,511.2799987792969,506.0199890136719,509.9599914550781,6005600,0.0,0.0
2024-07-05 00:00:00-04:00,511.6000061035156,540.8699951171875,511.6000061035156,539.9099731445312,21354100,0.0,0.0
2024-07-08 00:00:00-04:00,542.3499755859375,542.8099975585938,526.6500244140625,529.3200073242188,14917500,0.0,0.0
2024-07-09 00:00:00-04:00,533.75,537.47998046875,528.1900024414062,530.0,8753200,0.0,0.0
2024-07-10 00:00:00-04:00,530.7899780273438,538.8800048828125,528.3599853515625,534.6900024414062,10983300,0.0,0.0
2024-07-11 00:00:00-04:00,530.8900146484375,535.4600219726562,508.3699951171875,512.7000122070312,16458300,0.0,0.0
2024-07-12 00:00:00-04:00,497.760009765625,508.0899963378906,494.2300109863281,498.8699951171875,19750500,0.0,0.0
2024-07-15 00:00:00-04:00,498.6300048828125,506.67999267578125,493.3699951171875,496.1600036621094,12539200,0.0,0.0
2024-07-16 00:00:00-04:00,501.5,503.95001220703125,485.7900085449219,489.7900085449219,14075800,0.0,0.0
2024-07-17 00:00:00-04:00,479.1700134277344,479.1700134277344,459.1199951171875,461.989990234375,28076600,0.0,0.0
2024-07-18 00:00:00-04:00,475.0,479.239990234375,464.5400085449219,475.8500061035156,19267200,0.0,0.0
2024-07-19 00:00:00-04:00,476.05999755859375,486.7099914550781,475.7099914550781,476.7900085449219,15149400,0.0,0.0
2024-07-22 00:00:00-04:00,486.5799865722656,492.05999755859375,483.8999938964844,487.3999938964844,12023100,0.0,0.0
2024-07-23 00:00:00-04:00,489.8399963378906,495.2200012207031,487.7200012207031,488.69000244140625,9455500,0.0,0.0
2024-07-24 00:00:00-04:00,472.30999755859375,476.29998779296875,460.5799865722656,461.2699890136719,17649700,0.0,0.0
2024-07-25 00:00:00-04:00,463.260009765625,463.54998779296875,442.6499938964844,453.4100036621094,18240500,0.0,0.0
2024-07-26 00:00:00-04:00,464.20001220703125,469.7699890136719,459.4200134277344,465.70001220703125,14222400,0.0,0.0
2024-07-29 00:00:00-04:00,469.8800048828125,473.9599914550781,465.0199890136719,465.7099914550781,11339600,0.0,0.0
2024-07-30 00:00:00-04:00,467.0,472.7300109863281,456.70001220703125,463.19000244140625,11390400,0.0,0.0
2024-07-31 00:00:00-04:00,471.0199890136719,476.5,466.75,474.8299865722656,24285800,0.0,0.0
2024-08-01 00:00:00-04:00,521.0,527.1699829101562,492.1000061035156,497.739990234375,43083100,0.0,0.0
2024-08-02 00:00:00-04:00,489.0,501.1499938964844,476.1499938964844,488.1400146484375,24044700,0.0,0.0
2024-08-05 00:00:00-04:00,451.3500061035156,483.4800109863281,450.79998779296875,475.7300109863281,21396200,0.0,0.0
2024-08-06 00:00:00-04:00,479.0,502.55999755859375,478.6499938964844,494.0899963378906,20955000,0.0,0.0
2024-08-07 00:00:00-04:00,503.1300048828125,510.1499938964844,486.8599853515625,488.9200134277344,20105300,0.0,0.0
2024-08-08 00:00:00-04:00,497.5,509.9599914550781,494.7200012207031,509.6300048828125,16156800,0.0,0.0
2024-08-09 00:00:00-04:00,507.7099914550781,518.3400268554688,505.70001220703125,517.77001953125,13696600,0.0,0.0
2024-08-12 00:00:00-04:00,516.8599853515625,518.02001953125,509.1000061035156,515.9500122070312,9767400,0.0,0.0
2024-08-13 00:00:00-04:00,520.010009765625,531.5,518.1500244140625,528.5399780273438,13743800,0.0,0.0
2024-08-14 00:00:00-04:00,528.0599975585938,534.0,523.1300048828125,526.760009765625,11444200,0.0,0.0
2024-08-15 00:00:00-04:00,531.7899780273438,539.77001953125,526.7000122070312,537.3300170898438,13482100,0.0,0.0
2024-08-16 00:00:00-04:00,531.9000244140625,533.6599731445312,524.6599731445312,527.4199829101562,14759400,0.0,0.0
